{
  "id": "4006571",
  "name": "project",
  "font_family": "iconfont",
  "css_prefix_text": "icon-",
  "description": "",
  "glyphs": [
    {
      "icon_id": "4354256",
      "name": "形状-三角形",
      "font_class": "xingzhuang-sanjiaoxing",
      "unicode": "eb99",
      "unicode_decimal": 60313
    },
    {
      "icon_id": "4942655",
      "name": "删除",
      "font_class": "shanchu",
      "unicode": "e61a",
      "unicode_decimal": 58906
    },
    {
      "icon_id": "7382854",
      "name": "删除",
      "font_class": "shanchu1",
      "unicode": "e653",
      "unicode_decimal": 58963
    },
    {
      "icon_id": "7474396",
      "name": "椭圆",
      "font_class": "tuoyuan",
      "unicode": "e600",
      "unicode_decimal": 58880
    },
    {
      "icon_id": "8881979",
      "name": "01_页面集合",
      "font_class": "_yemianjihe",
      "unicode": "e616",
      "unicode_decimal": 58902
    },
    {
      "icon_id": "10048835",
      "name": "矩形",
      "font_class": "juxing",
      "unicode": "e620",
      "unicode_decimal": 58912
    },
    {
      "icon_id": "10734905",
      "name": "组",
      "font_class": "zu",
      "unicode": "e6fb",
      "unicode_decimal": 59131
    },
    {
      "icon_id": "16382363",
      "name": "编辑",
      "font_class": "bianji",
      "unicode": "e602",
      "unicode_decimal": 58882
    },
    {
      "icon_id": "18170318",
      "name": "星,星星,星形,半星,实星",
      "font_class": "star",
      "unicode": "e9a1",
      "unicode_decimal": 59809
    },
    {
      "icon_id": "18175740",
      "name": "圆形",
      "font_class": "radio-on",
      "unicode": "ea6a",
      "unicode_decimal": 60010
    },
    {
      "icon_id": "19843753",
      "name": "对象集合",
      "font_class": "duixiangjihe",
      "unicode": "e69a",
      "unicode_decimal": 59034
    },
    {
      "icon_id": "20587097",
      "name": "放大",
      "font_class": "fangda",
      "unicode": "e6be",
      "unicode_decimal": 59070
    },
    {
      "icon_id": "26160455",
      "name": "选择",
      "font_class": "JC_010",
      "unicode": "e636",
      "unicode_decimal": 58934
    },
    {
      "icon_id": "29049751",
      "name": "多边形选",
      "font_class": "duobianxingxuan",
      "unicode": "e61d",
      "unicode_decimal": 58909
    },
    {
      "icon_id": "34661448",
      "name": "平曲线设计",
      "font_class": "pingquxiansheji",
      "unicode": "e676",
      "unicode_decimal": 58998
    },
    {
      "icon_id": "4937000",
      "name": "github-fill",
      "font_class": "github-fill",
      "unicode": "e885",
      "unicode_decimal": 59525
    },
    {
      "icon_id": "15779822",
      "name": "月亮",
      "font_class": "yueliang1",
      "unicode": "e70f",
      "unicode_decimal": 59151
    },
    {
      "icon_id": "659168",
      "name": "ic_share",
      "font_class": "icshare",
      "unicode": "e63d",
      "unicode_decimal": 58941
    },
    {
      "icon_id": "4380879",
      "name": "菜单",
      "font_class": "menu",
      "unicode": "e61f",
      "unicode_decimal": 58911
    },
    {
      "icon_id": "5203299",
      "name": "太阳",
      "font_class": "taiyang",
      "unicode": "e635",
      "unicode_decimal": 58933
    }
  ]
}
